name,age
Alan,38
Johnathan,36
Lucy,47
Marvin,34
Benjamin,17
Norah,39
Andie,44
Chad,14
Wade,28
Ema,40
Mike,17
Rick,41
Martin,39
Cecilia,46
Abdul,17
Ron,42
Mike,37
Elisabeth,30
Natalie,42
Daphne,30
Carter,24
Luna,26
Maxwell,14
Daniel,20
Mavis,47
Chuck,38
Marilyn,33
Alex,16
Elijah,33
Ciara,29
Tania,31
Maribel,20
Ryan,22
Willow,31
Eden,45
Eden,31
Javier,21
Beatrice,14
Oliver,17
Livia,26
Manuel,45
Paige,33
Amy,20
Daron,28
Shay,34
Denis,23
Blake,37
Penelope,19
Kimberly,36
Mara,49
Lucas,30
Daniel,40
Maxwell,20
Enoch,42
Bryce,45
Carla,34
Marigold,41
Gabriel,32
Shelby,41
Jennifer,32
Wade,30
Evelynn,46
Carrie,23
Nick,37
Denis,43
Joseph,25
Chad,21
William,30
Megan,27
Hank,19
Liam,44
Chad,33
Savannah,18
Denis,17
Liliana,28
Stephanie,20
Holly,14
Leanne,46
Manuel,20
Elle,29
Julia,27
Alexander,35
Nina,28
Erica,37
Nicholas,35
Julian,29
David,30
Quinn,26
Jazmin,29
Jacob,35
Nate,18
Russel,44
Hadley,41
Johnny,28
Lorraine,26
Mackenzie,18
Rihanna,18
Eduardo,45
Nicholas,40
Ramon,24

